dataset,config,n,labeled_rows,MRR@10,nDCG@10,context_precision,faithfulness_proxy,answer_relevance_proxy,parsability_rate,validator_pass_rate,fallback_rate,retrieval_latency_ms_avg,generation_latency_ms_avg,total_tokens
cs1qa,A,437,437,0.0,0.0,0.0,0.0,0.0,0.0,0.0,0.0,0.001,0.0,0
cs1qa,B,437,437,0.929252,0.612964,0.829291,0.0,0.0,0.0,0.0,0.0,836.248,0.0,0
cs1qa,C,437,437,0.802441,0.444013,0.669108,0.0,0.0,0.0,0.0,0.0,812.89,0.0,0
cs1qa,D,437,437,0.85286,0.46826,0.732723,0.0,0.0,0.0,0.0,0.0,598.924,0.0,0
cs1qa,E,437,437,0.66415,0.301664,0.513043,0.0,0.0,0.0,0.0,0.0,708.587,0.0,0
cs1qa,F,437,437,0.85286,0.46826,0.732723,0.0,0.0,0.0,0.0,0.0,400.033,0.0,0
